Product,Policyholder Name,Number of people covered,postcodes,Start date of policy
Silver,Bob Hicks,1,Bh15 2EX,2021-10-02 17:49:33.542222
Gold,Wilbur Hicks,6,BH13 7BB,2021-10-05 17:49:33.542222
Brozne,andy Hicks,4,Bh15 2EX,2021-10-19 17:49:33.542222
Gold,Joe William,7,Bh15 2EX,2021-10-16 17:49:33.542222
Brozne,Bob William,3,BH12 2NG,2021-10-07 17:49:33.542222
Silver,John William,5,BH12 2NG,2021-10-06 17:49:33.542222
Silver,Joe Hicks,10,BH13 7BB,2021-10-07 17:49:33.542222
Brozne,Joe William,6,BH13 7BB,2021-10-05 17:49:33.542222
Brozne,Bob Hicks,3,BH13 7BB,2021-10-20 17:49:33.542222
Brozne,andy William,5,Bh15 2EX,2021-10-12 17:49:33.542222
Silver,Joe Hicks,7,BH13 7BB,2021-10-17 17:49:33.542222
Brozne,Dave William,6,BH13 7BB,2021-10-11 17:49:33.542222
Brozne,andy Hicks,6,BH12 2NG,2021-10-15 17:49:33.542222
Silver,John Hicks,8,BH13 7BB,2021-10-01 17:49:33.542222
Gold,andy Smith,1,Bh15 2EX,2021-10-05 17:49:33.542222
Silver,John Smith,8,BH12 2NG,2021-10-09 17:49:33.542222
Brozne,andy William,10,Bh15 2EX,2021-10-03 17:49:33.542222
Silver,John William,8,BH12 2NG,2021-10-18 17:49:33.542222
Gold,Joe William,1,Bh15 2EX,2021-10-17 17:49:33.542222
Silver,Joe Smith,5,Bh15 2EX,2021-10-18 17:49:33.542222
Silver,andy Hicks,10,BH13 7BB,2021-10-06 17:49:33.542222
Brozne,Bob Smith,10,BH13 7BB,2021-10-18 17:49:33.542222
Gold,John Hicks,5,BH13 7BB,2021-10-06 17:49:33.542222
Silver,Wilbur William,9,Bh15 2EX,2021-10-10 17:49:33.542222
Gold,Joe Smith,5,BH12 2NG,2021-10-07 17:49:33.542222
